{
    "accuracy": 0.9463629684055841,
    "f1_score": 0.946203772829021,
    "labels": [
        "๓๖",
        "๓๗",
        "๓๘",
        "๓๙",
        "๔๐"
    ],
    "report": {
        "๓๖": {
            "precision": 0.9825581395348837,
            "recall": 0.949438202247191,
            "f1-score": 0.9657142857142857,
            "support": 178.0
        },
        "๓๗": {
            "precision": 0.968421052631579,
            "recall": 0.971830985915493,
            "f1-score": 0.9701230228471002,
            "support": 284.0
        },
        "๓๘": {
            "precision": 0.8807106598984772,
            "recall": 0.9774647887323944,
            "f1-score": 0.9265687583444593,
            "support": 355.0
        },
        "๓๙": {
            "precision": 0.9618055555555556,
            "recall": 0.860248447204969,
            "f1-score": 0.9081967213114754,
            "support": 322.0
        },
        "๔๐": {
            "precision": 0.9864864864864865,
            "recall": 0.9864864864864865,
            "f1-score": 0.9864864864864865,
            "support": 222.0
        },
        "accuracy": 0.9463629684055841,
        "macro avg": {
            "precision": 0.9559963788213965,
            "recall": 0.9490937821173068,
            "f1-score": 0.9514178549407616,
            "support": 1361.0
        },
        "weighted avg": {
            "precision": 0.9487734025991374,
            "recall": 0.9463629684055841,
            "f1-score": 0.946203772829021,
            "support": 1361.0
        }
    }
}