{
    "accuracy": 0.9208424110384895,
    "f1_score": 0.919332645367296,
    "labels": [
        "๓๖",
        "๓๗",
        "๓๘",
        "๓๙",
        "๔๐"
    ],
    "report": {
        "๓๖": {
            "precision": 0.9653794940079894,
            "recall": 0.9904371584699454,
            "f1-score": 0.9777478084962913,
            "support": 732.0
        },
        "๓๗": {
            "precision": 0.9405646359583952,
            "recall": 0.9547511312217195,
            "f1-score": 0.9476047904191617,
            "support": 663.0
        },
        "๓๘": {
            "precision": 0.7865168539325843,
            "recall": 0.9514563106796117,
            "f1-score": 0.8611599297012302,
            "support": 515.0
        },
        "๓๙": {
            "precision": 0.958656330749354,
            "recall": 0.7134615384615385,
            "f1-score": 0.8180815876515987,
            "support": 520.0
        },
        "๔๐": {
            "precision": 0.990625,
            "recall": 0.9783950617283951,
            "f1-score": 0.984472049689441,
            "support": 324.0
        },
        "accuracy": 0.9208424110384895,
        "macro avg": {
            "precision": 0.9283484629296647,
            "recall": 0.917700240112242,
            "f1-score": 0.9178132331915446,
            "support": 2754.0
        },
        "weighted avg": {
            "precision": 0.927658720050548,
            "recall": 0.9208424110384895,
            "f1-score": 0.919332645367296,
            "support": 2754.0
        }
    }
}