{
    "accuracy": 0.927536231884058,
    "f1_score": 0.9269590440270817,
    "labels": [
        "๓๖",
        "๓๗",
        "๓๘",
        "๓๙",
        "๔๐"
    ],
    "report": {
        "๓๖": {
            "precision": 0.956882255389718,
            "recall": 0.984641638225256,
            "f1-score": 0.9705634987384356,
            "support": 586.0
        },
        "๓๗": {
            "precision": 0.943609022556391,
            "recall": 0.9471698113207547,
            "f1-score": 0.9453860640301318,
            "support": 530.0
        },
        "๓๘": {
            "precision": 0.817258883248731,
            "recall": 0.9378640776699029,
            "f1-score": 0.8734177215189873,
            "support": 515.0
        },
        "๓๙": {
            "precision": 0.9530516431924883,
            "recall": 0.7807692307692308,
            "f1-score": 0.8583509513742071,
            "support": 520.0
        },
        "๔๐": {
            "precision": 0.9795918367346939,
            "recall": 0.9777777777777777,
            "f1-score": 0.9786839666357738,
            "support": 540.0
        },
        "accuracy": 0.927536231884058,
        "macro avg": {
            "precision": 0.9300787282244045,
            "recall": 0.9256445071525844,
            "f1-score": 0.9252804404595072,
            "support": 2691.0
        },
        "weighted avg": {
            "precision": 0.9313640114393115,
            "recall": 0.927536231884058,
            "f1-score": 0.9269590440270817,
            "support": 2691.0
        }
    }
}