{
    "accuracy": 0.9127988748241913,
    "precision": 0.9167824165072376,
    "recall": 0.9127988748241913,
    "f1_score": 0.9058884350633339,
    "cv_accuracy": 0.870323488045007,
    "confusion_matrix": [
        [
            336,
            6,
            0,
            0,
            0
        ],
        [
            24,
            285,
            0,
            0,
            0
        ],
        [
            0,
            7,
            5,
            0,
            0
        ],
        [
            0,
            9,
            0,
            7,
            0
        ],
        [
            8,
            8,
            0,
            0,
            16
        ]
    ],
    "labels": [
        "๓๖",
        "๓๗",
        "๓๘",
        "๓๙",
        "๔๐"
    ],
    "report": {
        "๓๖": {
            "precision": 0.9130434782608695,
            "recall": 0.9824561403508771,
            "f1-score": 0.9464788732394366,
            "support": 342.0
        },
        "๓๗": {
            "precision": 0.9047619047619048,
            "recall": 0.9223300970873787,
            "f1-score": 0.9134615384615384,
            "support": 309.0
        },
        "๓๘": {
            "precision": 1.0,
            "recall": 0.4166666666666667,
            "f1-score": 0.5882352941176471,
            "support": 12.0
        },
        "๓๙": {
            "precision": 1.0,
            "recall": 0.4375,
            "f1-score": 0.6086956521739131,
            "support": 16.0
        },
        "๔๐": {
            "precision": 1.0,
            "recall": 0.5,
            "f1-score": 0.6666666666666666,
            "support": 32.0
        },
        "accuracy": 0.9127988748241913,
        "macro avg": {
            "precision": 0.9635610766045548,
            "recall": 0.6517905808209845,
            "f1-score": 0.7447076049318404,
            "support": 711.0
        },
        "weighted avg": {
            "precision": 0.9167824165072376,
            "recall": 0.9127988748241913,
            "f1-score": 0.9058884350633339,
            "support": 711.0
        }
    }
}