{
    "accuracy": 0.9692750840134422,
    "f1_score": 0.9692495153291748,
    "labels": [
        "๓๖",
        "๓๗",
        "๓๘",
        "๓๙",
        "๔๐"
    ],
    "report": {
        "๓๖": {
            "precision": 0.9837587006960556,
            "recall": 0.9976470588235294,
            "f1-score": 0.9906542056074766,
            "support": 425.0
        },
        "๓๗": {
            "precision": 0.9758454106280193,
            "recall": 0.9688249400479616,
            "f1-score": 0.9723225030084236,
            "support": 417.0
        },
        "๓๘": {
            "precision": 0.9223744292237442,
            "recall": 0.9758454106280193,
            "f1-score": 0.9483568075117371,
            "support": 414.0
        },
        "๓๙": {
            "precision": 0.9654255319148937,
            "recall": 0.9143576826196473,
            "f1-score": 0.9391979301423027,
            "support": 397.0
        },
        "๔๐": {
            "precision": 1.0,
            "recall": 0.986046511627907,
            "f1-score": 0.9929742388758782,
            "support": 430.0
        },
        "accuracy": 0.9692750840134422,
        "macro avg": {
            "precision": 0.9694808144925424,
            "recall": 0.968544320749413,
            "f1-score": 0.9687011370291637,
            "support": 2083.0
        },
        "weighted avg": {
            "precision": 0.9698329015345898,
            "recall": 0.9692750840134422,
            "f1-score": 0.9692495153291748,
            "support": 2083.0
        }
    }
}