{
    "accuracy": 0.9078409513192122,
    "f1_score": 0.9070282398828683,
    "labels": [
        "๓๖",
        "๓๗",
        "๓๘",
        "๓๙",
        "๔๐"
    ],
    "report": {
        "๓๖": {
            "precision": 0.9437086092715232,
            "recall": 0.9726962457337884,
            "f1-score": 0.957983193277311,
            "support": 586.0
        },
        "๓๗": {
            "precision": 0.9132841328413284,
            "recall": 0.9339622641509434,
            "f1-score": 0.9235074626865671,
            "support": 530.0
        },
        "๓๘": {
            "precision": 0.8264925373134329,
            "recall": 0.8601941747572815,
            "f1-score": 0.8430066603235015,
            "support": 515.0
        },
        "๓๙": {
            "precision": 0.8733905579399142,
            "recall": 0.7826923076923077,
            "f1-score": 0.8255578093306288,
            "support": 520.0
        },
        "๔๐": {
            "precision": 0.9723756906077348,
            "recall": 0.9777777777777777,
            "f1-score": 0.9750692520775623,
            "support": 540.0
        },
        "accuracy": 0.9078409513192122,
        "macro avg": {
            "precision": 0.9058503055947866,
            "recall": 0.9054645540224197,
            "f1-score": 0.9050248755391141,
            "support": 2691.0
        },
        "weighted avg": {
            "precision": 0.9074483296961601,
            "recall": 0.9078409513192122,
            "f1-score": 0.9070282398828683,
            "support": 2691.0
        }
    }
}