{
    "accuracy": 0.8680787811222593,
    "f1_score": 0.8644101263570179,
    "labels": [
        "๓๖",
        "๓๗",
        "๓๘",
        "๓๙",
        "๔๐"
    ],
    "report": {
        "๓๖": {
            "precision": 0.9276315789473685,
            "recall": 0.962457337883959,
            "f1-score": 0.9447236180904522,
            "support": 586.0
        },
        "๓๗": {
            "precision": 0.8836363636363637,
            "recall": 0.9169811320754717,
            "f1-score": 0.9,
            "support": 530.0
        },
        "๓๘": {
            "precision": 0.7021276595744681,
            "recall": 0.8970873786407767,
            "f1-score": 0.7877237851662404,
            "support": 515.0
        },
        "๓๙": {
            "precision": 0.8911764705882353,
            "recall": 0.5826923076923077,
            "f1-score": 0.7046511627906977,
            "support": 520.0
        },
        "๔๐": {
            "precision": 0.9738317757009346,
            "recall": 0.9648148148148148,
            "f1-score": 0.9693023255813954,
            "support": 540.0
        },
        "accuracy": 0.8680787811222593,
        "macro avg": {
            "precision": 0.875680769689474,
            "recall": 0.8648065942214661,
            "f1-score": 0.8612801783257572,
            "support": 2691.0
        },
        "weighted avg": {
            "precision": 0.8780364348776176,
            "recall": 0.8680787811222593,
            "f1-score": 0.8644101263570179,
            "support": 2691.0
        }
    }
}