{
    "accuracy": 0.9462599854756718,
    "f1_score": 0.9458473749171068,
    "labels": [
        "๓๖",
        "๓๗",
        "๓๘",
        "๓๙",
        "๔๐"
    ],
    "report": {
        "๓๖": {
            "precision": 0.9679144385026738,
            "recall": 0.9890710382513661,
            "f1-score": 0.9783783783783784,
            "support": 732.0
        },
        "๓๗": {
            "precision": 0.9317851959361393,
            "recall": 0.9683257918552036,
            "f1-score": 0.9497041420118343,
            "support": 663.0
        },
        "๓๘": {
            "precision": 0.8927911275415896,
            "recall": 0.9378640776699029,
            "f1-score": 0.9147727272727273,
            "support": 515.0
        },
        "๓๙": {
            "precision": 0.9607843137254902,
            "recall": 0.8480769230769231,
            "f1-score": 0.9009193054136875,
            "support": 520.0
        },
        "๔๐": {
            "precision": 0.9968454258675079,
            "recall": 0.9753086419753086,
            "f1-score": 0.9859594383775351,
            "support": 324.0
        },
        "accuracy": 0.9462599854756718,
        "macro avg": {
            "precision": 0.9500241003146801,
            "recall": 0.943729294565741,
            "f1-score": 0.9459467982908325,
            "support": 2754.0
        },
        "weighted avg": {
            "precision": 0.9472259062061961,
            "recall": 0.9462599854756718,
            "f1-score": 0.9458473749171068,
            "support": 2754.0
        }
    }
}