{
    "accuracy": 0.9510910458991723,
    "f1_score": 0.950634504586302,
    "labels": [
        "๓๖",
        "๓๗",
        "๓๘",
        "๓๙",
        "๔๐"
    ],
    "report": {
        "๓๖": {
            "precision": 0.9930555555555556,
            "recall": 0.9727891156462585,
            "f1-score": 0.9828178694158075,
            "support": 147.0
        },
        "๓๗": {
            "precision": 0.9725085910652921,
            "recall": 1.0,
            "f1-score": 0.9860627177700348,
            "support": 283.0
        },
        "๓๘": {
            "precision": 0.8784810126582279,
            "recall": 0.9774647887323944,
            "f1-score": 0.9253333333333333,
            "support": 355.0
        },
        "๓๙": {
            "precision": 0.9748201438848921,
            "recall": 0.8416149068322981,
            "f1-score": 0.9033333333333333,
            "support": 322.0
        },
        "๔๐": {
            "precision": 0.995475113122172,
            "recall": 0.990990990990991,
            "f1-score": 0.9932279909706546,
            "support": 222.0
        },
        "accuracy": 0.9510910458991723,
        "macro avg": {
            "precision": 0.9628680832572278,
            "recall": 0.9565719604403883,
            "f1-score": 0.9581550489646327,
            "support": 1329.0
        },
        "weighted avg": {
            "precision": 0.9540612632625076,
            "recall": 0.9510910458991723,
            "f1-score": 0.950634504586302,
            "support": 1329.0
        }
    }
}