{
    "accuracy": 0.9635627530364372,
    "f1_score": 0.9634233287341035,
    "labels": [
        "๓๖",
        "๓๗",
        "๓๘",
        "๓๙",
        "๔๐"
    ],
    "report": {
        "๓๖": {
            "precision": 0.9855072463768116,
            "recall": 0.9941520467836257,
            "f1-score": 0.9898107714701602,
            "support": 342.0
        },
        "๓๗": {
            "precision": 0.9848812095032398,
            "recall": 0.987012987012987,
            "f1-score": 0.985945945945946,
            "support": 462.0
        },
        "๓๘": {
            "precision": 0.9848484848484849,
            "recall": 0.8524590163934426,
            "f1-score": 0.9138840070298769,
            "support": 305.0
        },
        "๓๙": {
            "precision": 0.8729281767955801,
            "recall": 0.978328173374613,
            "f1-score": 0.9226277372262773,
            "support": 323.0
        },
        "๔๐": {
            "precision": 0.9966101694915255,
            "recall": 0.98989898989899,
            "f1-score": 0.9932432432432432,
            "support": 297.0
        },
        "accuracy": 0.9635627530364372,
        "macro avg": {
            "precision": 0.9649550574031283,
            "recall": 0.9603702426927315,
            "f1-score": 0.9611023409831008,
            "support": 1729.0
        },
        "weighted avg": {
            "precision": 0.9660997145020876,
            "recall": 0.9635627530364372,
            "f1-score": 0.9634233287341035,
            "support": 1729.0
        }
    }
}