{
    "accuracy": 0.9015471167369902,
    "precision": 0.9067015990702858,
    "recall": 0.9015471167369902,
    "f1_score": 0.8926474631311414,
    "cv_accuracy": 0.8708860759493671,
    "confusion_matrix": [
        [
            331,
            11,
            0,
            0,
            0
        ],
        [
            23,
            286,
            0,
            0,
            0
        ],
        [
            1,
            6,
            5,
            0,
            0
        ],
        [
            0,
            10,
            0,
            6,
            0
        ],
        [
            6,
            13,
            0,
            0,
            13
        ]
    ],
    "labels": [
        "๓๖",
        "๓๗",
        "๓๘",
        "๓๙",
        "๔๐"
    ],
    "report": {
        "๓๖": {
            "precision": 0.9168975069252078,
            "recall": 0.9678362573099415,
            "f1-score": 0.9416785206258891,
            "support": 342.0
        },
        "๓๗": {
            "precision": 0.8773006134969326,
            "recall": 0.9255663430420712,
            "f1-score": 0.9007874015748032,
            "support": 309.0
        },
        "๓๘": {
            "precision": 1.0,
            "recall": 0.4166666666666667,
            "f1-score": 0.5882352941176471,
            "support": 12.0
        },
        "๓๙": {
            "precision": 1.0,
            "recall": 0.375,
            "f1-score": 0.5454545454545454,
            "support": 16.0
        },
        "๔๐": {
            "precision": 1.0,
            "recall": 0.40625,
            "f1-score": 0.5777777777777777,
            "support": 32.0
        },
        "accuracy": 0.9015471167369902,
        "macro avg": {
            "precision": 0.9588396240844281,
            "recall": 0.6182638534037358,
            "f1-score": 0.7107867079101325,
            "support": 711.0
        },
        "weighted avg": {
            "precision": 0.9067015990702858,
            "recall": 0.9015471167369902,
            "f1-score": 0.8926474631311414,
            "support": 711.0
        }
    }
}