{
    "accuracy": 0.9687957094100439,
    "f1_score": 0.9686675650377042,
    "labels": [
        "๓๖",
        "๓๗",
        "๓๘",
        "๓๙",
        "๔๐"
    ],
    "report": {
        "๓๖": {
            "precision": 0.9883449883449883,
            "recall": 0.9976470588235294,
            "f1-score": 0.9929742388758782,
            "support": 425.0
        },
        "๓๗": {
            "precision": 0.9784172661870504,
            "recall": 0.9784172661870504,
            "f1-score": 0.9784172661870504,
            "support": 417.0
        },
        "๓๘": {
            "precision": 0.8997613365155132,
            "recall": 0.9869109947643979,
            "f1-score": 0.9413233458177278,
            "support": 382.0
        },
        "๓๙": {
            "precision": 0.9777158774373259,
            "recall": 0.8841309823677582,
            "f1-score": 0.9285714285714286,
            "support": 397.0
        },
        "๔๐": {
            "precision": 1.0,
            "recall": 0.9930232558139535,
            "f1-score": 0.9964994165694282,
            "support": 430.0
        },
        "accuracy": 0.9687957094100439,
        "macro avg": {
            "precision": 0.9688478936969755,
            "recall": 0.9680259115913378,
            "f1-score": 0.9675571392043025,
            "support": 2051.0
        },
        "weighted avg": {
            "precision": 0.9702138732024205,
            "recall": 0.9687957094100439,
            "f1-score": 0.9686675650377042,
            "support": 2051.0
        }
    }
}