{
    "accuracy": 0.9419026870007262,
    "f1_score": 0.9411954854047369,
    "labels": [
        "๓๖",
        "๓๗",
        "๓๘",
        "๓๙",
        "๔๐"
    ],
    "report": {
        "๓๖": {
            "precision": 0.9824324324324324,
            "recall": 0.9931693989071039,
            "f1-score": 0.9877717391304348,
            "support": 732.0
        },
        "๓๗": {
            "precision": 0.9687034277198212,
            "recall": 0.9803921568627451,
            "f1-score": 0.974512743628186,
            "support": 663.0
        },
        "๓๘": {
            "precision": 0.8189368770764119,
            "recall": 0.9572815533980582,
            "f1-score": 0.88272157564906,
            "support": 515.0
        },
        "๓๙": {
            "precision": 0.9664268585131894,
            "recall": 0.775,
            "f1-score": 0.8601921024546425,
            "support": 520.0
        },
        "๔๐": {
            "precision": 0.9907407407407407,
            "recall": 0.9907407407407407,
            "f1-score": 0.9907407407407407,
            "support": 324.0
        },
        "accuracy": 0.9419026870007262,
        "macro avg": {
            "precision": 0.9454480672965191,
            "recall": 0.9393167699817295,
            "f1-score": 0.9391877803206128,
            "support": 2754.0
        },
        "weighted avg": {
            "precision": 0.9465088493972377,
            "recall": 0.9419026870007262,
            "f1-score": 0.9411954854047369,
            "support": 2754.0
        }
    }
}